id,,name,city,website,
ChIJU-verXr6YUcRr_WF-A3E6bM,,Auto-Hrvatska,Zadar,http://www.autohrvatska.com/,
ChIJv383XTYsY0cRifl-axXkSPY,,B.R.B. sport Ltd.,Pula,http://www.brbsport.hr/,
ChIJqRyVat_qTRMR2og7IWI9kcM,,BAJKERAJ,Podgorica,http://www.bajkeraj.me/,
ChIJ6wKo_LmtaEcR9DqaBQwGmZo,,Beciklin,?akovec,http://www.prodaja-bicikla.com/,
ChIJt-bITN_IWEcR4CkrzUt8hIo,beosport,Beosport,Sarajevo,http://www.beosport.com/,
ChIJufvusltlWkcRWg0o9v__g_o,beosport,Beosport,Beograd,http://www.beosport.com/,
ChIJof29NQIRW0cR6Bhy6zca5DI,beosport,Beosport,Novi Sad,http://www.beosport.com/,
ChIJv-hsRRfRUEcR_SdN6TjpkJ4,beosport,Beosport,Velika Plana,http://www.beosport.rs/,
ChIJ3VcjvBYhV0cRuQj8AN6Igfs,beosport,Beosport,Kragujevac,,
ChIJaw1HBmkQW0cRMSiyswCu0Yo,beosport,Beosport,Novi Sad,,
ChIJ8fN01LLXZUcRVplPMYftPlg,,BICIKL BIZ d.o.o.,Zagreb,http://www.bicikl.biz/,
ChIJ84jBhMsRW0cRZ9lR-KEhu_k,,Bicikl Servis Nikic,Novi Sad,,
ChIJRwzsYI9wWkcRjXAtZO4S9Jw,,Biciklic,Beograd,,
ChIJE3NAUFbWZUcRrwfS5FaINbU,,bicycles BIM,Zagreb,http://www.bim-bike.hr/,
ChIJLcWVn6nnXEcRFRuei-mxpNA,,bicycles JAKOV?EVI?,Osijek,http://www.jakovcevic.hr/,
ChIJ11DJvtmqaEcR6Hstk_P_BLo,,Bike box,Varaûdin,http://www.matis.com.hr/,
ChIJ2cuGNyJeNRMRjJn0nOS5apg,,Bike Extremeshop2,Split,https://www.bicikla.com/,
ChIJGT6KwmLOfEcRjWgPGYG4SQE,,Bike Peroj,Peroj,http://www.bike-peroj.hr/,
ChIJDwkjYqOtaEcRx7CgPYqAyKM,,Bike Point Radoti?,?akovec,http://biciklopedija.hr/,
ChIJvbrvNBDnXEcRtqh13Pl0ifs,,Bikea Bike Shop,Osijek,,
ChIJ5ecP_Y1vWkcRb_iNOh0bis4,,Bikeland,Beograd,http://www.bikeland.rs/,
ChIJ1Uyq8iihZEcRQz5cCBoUo-k,,BIKEWISE shop & servis,Rijeka,http://www.bikewise.hr/,
ChIJN-OOgdMcX0cRs8byvAdCUxU,,Boca,Vitez,http://www.bocavitez.com/,
ChIJj8lXd9zIWEcR24mTA2Yc3E0,bogolivestrong,Bogolivestrong,Sarajevo,http://www.bogolivestrong.com/,
ChIJVx5QWiXTfEcRi8e67HXABrA,,BRAINSPOT d.o.o.,Pula,http://www.e-bike.com.hr/,
ChIJjSxcE2T6YUcRv-IKUmRKErY,,CALIMERO SPORT Rent-a-bike/bicycle service/spare parts/adventure tour,Zadar,http://www.calimero-sport.hr/,
ChIJz6KAeqFMWUcRh0tStYJ4t3M,capriolosc,Capriolo Sport Centar,éivinice Grad,http://www.jabihcapriolo.com/,
ChIJZTchyDCCXkcRrdwlXRUxAQI,capriolosc,Capriolo Sport Centar,Doboj,,
ChIJr5zLihADXkcR5aXEV_0993c,capriolosc,Capriolo Sport Centar BL2,Banja Luka,http://jabihcapriolo.com/,
ChIJM29t4AcDXkcRAvIsQloB7NI,capriolosc,Capriolo Sport Centar BL3,Banja Luka,http://jabihcapriolo.com/,
ChIJR63q0ks3XEcRelfe_qUXfws,capriolosc,Capriolo Sport Centar Modri?a,Modri?a,http://www.jabihcapriolo.com/,
ChIJa_eLpd_IWEcRamQ7brHzgzg,capriolosc,Capriolo Sport Centar SA1,Sarajevo,http://www.jabihcapriolo.com/,
ChIJBSkqlG3JWEcRYAbtx_X5Pgs,capriolosc,Capriolo Sport Centar SA2,Sarajevo,http://jabihcapriolo.com/,
ChIJSZCbEuRvWkcRw8xL_w90uBk,,Cici Bike - Servis Pirana,Beograd,,
ChIJyUSgg5fXZUcR2GOEKZBdRcI,,CIKLO - CENTAR d.o.o.,Zagreb,http://www.ciklo-centar.hr/,
ChIJK_ghhmzKWEcRiyldJxehwSE,ciklocentar,Ciklo Centar,Ilidûa,http://ciklocentar.ba/,
ChIJDWj5siDJWEcRolqo1j3MN4A,ciklocentar,Ciklo Centar,Sarajevo,http://www.ciklocentar.com/,
ChIJtSFBHaRDSxMR6yATw8pjOjE,ciklocentar,Ciklo centar,Mostar,http://ciklocentar.ba/,
ChIJU_BKtF_WZUcRYDAhCWlYRP8,,Ciklo-Sport,Zagreb,https://ciklo-sport.hr/,
ChIJidYSYmkQW0cRrlfu3FqJa_0,,Cikloteka,Novi Sad,https://www.facebook.com/cikloteka,
ChIJebCWfe1xWkcRZ4k5WBz_ZW8,,City-Bike,Beograd,http://www.citybike.rs/,
ChIJG2NwUHXtWUcRcDZzysMFRMQ,,Colnago Bike-Servis i prodaja bicikli i motora,Valjevo,,
ChIJp4gyPLl6WkcRGbsPLBCBVas,,CROSS BIKE,Beograd,http://www.crossbike.rs/,
ChIJUY6TNrYRW0cRiCIFGn14x8Q,,Cyclomania Bike Shop i Servis,Novi Sad,http://www.cyclomania.rs/,
ChIJ6zXfc03BhkcR5lGapVeICJo,decathlon,Decathlon,Milano,http://www.decathlon.it/it/store?store_id=PS_IT_25&rememberMe=off,
ChIJDdEJo_BhLxMRwbQ7f6mV88A,decathlon,Decathlon,Roma,http://www.decathlon.it/,
ChIJq-3R5MhnRUcRD1S96R1_wZk,decathlon,Decathlon,Timi»ôoara,http://www.decathlon.ro/,
ChIJu2jjGYbRZUcRN2qUtCimeOU,decathlon,Decathlon,Zagreb,http://www.decathlon.hr/,
ChIJg4Z-voT6YUcRJX0gj0X_dBc,decathlon,Decathlon,Zadar,http://decathlon.hr/,
ChIJsfxDuSFOqEcRjlq3N7lqggs,decathlon,Decathlon Berlin,Berlin,https://www.decathlon.de/,
ChIJ993Pp2kyZUcRFp27vU2hA6U,decathlon,Decathlon Ljubljana,Ljubljana,http://decathlon.si/,
ChIJx293yCXnXEcRil_GZpCkdno,decathlon,Decathlon Osijek,Osijek,http://decathlon.hr/,
ChIJY1x6KsumZEcRZT5THPsf8eg,decathlon,Decathlon Rijeka,Rijeka,http://decathlon.hr/,
ChIJZW_mcg3cQUcReEMdoJl9Ryo,decathlon,Decathlon Skala,Nyugati t√©r 1,http://www.decathlon.hu/,
ChIJQxOYTzSBqkARMFOhME4-we4,decathlon,Decathlon Vitosha,Sofia,http://www.decathlon.bg/,
ChIJZ3CQRIh4ZkcRjq5FDYYRiGM,decathlon,Decathlon Zagreb Istok,Zagreb,http://decathlon.hr/,
ChIJyS2_KCgTSxMR-KWy0lNbHow,,DOST d.o.o,Me?ugorje,http://www.dost.ba/,
ChIJsdqbPbHXZUcRbWyf2FU8-TE,,Drago-Sport,Zagreb,http://www.drago-sport.com/,
ChIJL_QbEtzWZUcRPu2qm4kjx-c,dsg,DSG bicikli,Zagreb,http://www.dsg.hr/,
ChIJk0qH_3PWZUcRqVbK2IivpLE,dsg,DSG SERVIS bicikala,Zagreb,http://www.dsg.hr/,
ChIJhR9Zr_RvWkcRCFAp8o9WmFw,,E prime electric bikes,Beograd,http://www.e-prime.net/,
ChIJFxzxpx6mZEcRHCShTSl-rDA,,Experience - bike-ski shop & service,Matulji,http://www.bicikla.hr/,
ChIJZ0p3BLznXEcRbfS-5M1D8zg,,Extreme Sport d.o.o,Osijek,http://www.extremesport.hr/,
ChIJiZ7FivxdNRMRnntKtOcoIwQ,,ExtremeShop,Split,http://www.bicikla.com/,
ChIJ0WxeMBUQW0cRD9Bsi4a_1Zs,fanatic,Fanatic Bicycle Shop,Novi Sad,http://www.fanatic.rs/,
ChIJyYoW5yQQW0cRD57qCAT_w2o,fanatic,Fanatic Bike Shop & Service,Veternik,http://www.fanatic.rs/,
ChIJE2clQux-WkcRgHabeu1229U,fanatic,Fanatic Sport,Pan?evo,,
ChIJWa1cee5-WkcRsaHhMDAYsaU,,Freestyle Shop,Pan?evo,,
ChIJp1C7QCs8ZEcRfJitAI7Pw-g,,GOLF AURORA BIKE,Karlovac,http://www.golf-aurora.hr/,
ChIJUe6pdUzRZUcRYYklWgrGxwA,,Hafer,Zagreb,http://www.hafer.hr/,
ChIJqcA4efXWZUcRPsZiHT0Py6I,,Huni Bike Shop prodaja bicikla i opreme,Prelog,http://www.huni-bike-shop.hr/,
ChIJieDAXD7JWEcRh2i9vODasoc,intersport,INTERSPORT,Sarajevo,http://www.intersport.ba/,
ChIJY_Hlwo3JWEcRhxQw4jnCiCk,intersport,INTERSPORT,Sarajevo,http://www.intersport.ba/,
ChIJO4fnlxXKWEcRJBb0jwVnWtY,intersport,INTERSPORT,Ilidûa,http://www.intersport.ba/,
ChIJ_cnFJLtDSxMRbLaU7M7mEPw,intersport,INTERSPORT,Mostar,http://www.intersport.ba/sve-prodavnice/mostar-intersport-mostar-s27424,
ChIJXyZmdVpRXkcRDgE1iQ95aCE,intersport,INTERSPORT,äiöava,http://www.intersport.ba/,
ChIJwQjhkDqtXkcRknGSJSpXp6E,intersport,Intersport,Tuzla,,
ChIJQ4p2YRqtXkcR41T-5GSCBo0,intersport,Intersport,Tuzla,,
ChIJaxFFvw0DXkcRBZR0Z8TWrnM,intersport,INTERSPORT,Banja Luka,http://www.intersport.ba/,
ChIJUwf2ShgMXEcRUsI_pC3JkB0,intersport,Intersport,Br?ko,,
ChIJP4pGMDbWZUcRHNPzW91YkpM,intersport,Intersport,Zagreb,,
ChIJAyVl5UjWZUcRUKHDEbfvVXw,intersport,Intersport,Zagreb,http://www.intersport.hr/,
ChIJN4OZkE_RZUcRGvska0PT9Rg,intersport,Intersport,Zagreb,http://www.intersport.hr/stores/zagreb-intersport-zagreb-3-s26438,
ChIJS__KKk6gZEcRX7vEpU88O78,intersport,INTERSPORT,Rijeka,http://www.intersport.hr/,
ChIJ5b015KDAfEcRch9zj2EvEB4,intersport,Intersport,Rovinj,,
ChIJ24JZfMjSfEcRliam6UM7bUQ,intersport,Intersport,Pula,,
ChIJMUJcvoT6YUcRi2Q2G3rOZuw,intersport,Intersport,Zadar,,
ChIJjb6AbkDuShMRBZumxFaoZEA,intersport,Intersport,Makarska,http://www.intersport.com.hr/,
ChIJe3YXcOF-WkcR7vJ4ZoHpiFk,intersport,Intersport,Pan?evo,http://www.intersport.rs/,
ChIJ7fjCZ9VUb0cRLWkpEtuJ_K4,intersport,INTERSPORT,Varaûdin,http://www.intersport.hr/,
ChIJ4YHXnipVb0cRaCn9WLVQrdo,intersport,Intersport,Varaûdin,,
ChIJAf59RbmPXEcRybMTzo6Args,intersport,INTERSPORT,Vukovar,http://www.intersport.hr/,
ChIJR_8VTR3LW0cRSfKpJhuHmxc,intersport,INTERSPORT äABAC,äabac,http://www.intersport.rs/,
ChIJ0yk7nI9VXEcReGJrWZhzMUw,intersport,Intersport ?akovo,?akovo,http://www.intersport.hr/,
ChIJy2mg_0RyV0cR_a9-2o5JU6k,intersport,INTERSPORT ?A?AK,?a?ak,http://www.intersport.rs/,
ChIJN4gergqtaEcRUaKChLaLzZQ,intersport,Intersport ?akovec 1,?akovec,http://www.intersport.hr/,
ChIJYe3H6gOtaEcR0qrkg-fBJVM,intersport,Intersport ?akovec 2,?akovec,http://www.intersport.hr/,
ChIJU1qP6DzUZUcRjUZMV-PCilo,intersport,Intersport Arena Zagreb 4,Zagreb,http://www.intersport.hr/,
ChIJMyxg7gB0ThMRRWRvOTMZAKQ,intersport,INTERSPORT Bar,Bar,http://www.intersport.me/,
ChIJj0IAuXxlWkcR64O3HXzBRQE,intersport,INTERSPORT BEOGRAD 1,Beograd,http://www.intersport.rs/,
ChIJjajAa4RvWkcRnkxjLcREq2A,intersport,INTERSPORT BEOGRAD 2,Beograd,http://www.intersport.rs/,
ChIJA3Nb8tXKNBMRLwmDZW4i3-w,intersport,Intersport Biograd,Biograd na Moru,http://www.intersport.hr/,
ChIJ4zHs_27uShMRv_ITtOKdamY,intersport,Intersport Capitol Park Makarska 1,Makarska,http://www.intersport.hr/,
ChIJicXaIsdfNRMR2xAjxRJupWM,intersport,Intersport CCO Split 3,Split,http://www.intersport.hr/,
ChIJzw4vZJt8Y0cRRss8qoTUlHU,intersport,Intersport Crikvenica 1,Crikvenica,http://www.intersport.hr/,
ChIJGWezpaupTRMRLPRRXJJ88II,intersport,Intersport Crna Gora,Niköi?,https://www.intersport.me/,
ChIJEUSWQbZ5ZkcRWZYYF0RF-mg,intersport,Intersport H MBH,Sesvete,http://www.intersport.hr/,
ChIJodzIaC48ZEcRxXP_w0r8Ous,intersport,Intersport Karlovac 1,Karlovac,http://www.intersport.hr/,
ChIJTd_DbNggV0cRbSs4V6XH-hk,intersport,INTERSPORT KRAGUJEVAC,Kragujevac,http://www.intersport.rs/,
ChIJ8y78IrbYVkcR8bZgnemcTFM,intersport,INTERSPORT KRUäEVAC,Kruöevac,http://www.intersport.rs/,
ChIJ4Y6LB0peNRMRtXbWW3GKHKE,intersport,Intersport Mall of Split 4,Split,http://www.intersport.hr/,
ChIJ6QFLp-AKSxMRLpfkwN6EBvM,intersport,Intersport Metkovi? 1,Metkovi?,http://www.intersport.hr/,
ChIJJzO-UxEQW0cRKmuB91fKZy0,intersport,INTERSPORT NOVI SAD 1,Novi Sad,http://www.intersport.rs/,
ChIJA8IzMQIRW0cRBqeNJwoaG5Q,intersport,INTERSPORT NOVI SAD 2,Novi Sad,http://www.intersport.rs/,
ChIJCfI_lU3mXEcReQaO7orUd68,intersport,Intersport Osijek 1,Osijek,http://www.intersport.hr/,
ChIJSV5Xq0HrTRMR88gBk28NWZU,intersport,Intersport Podgorica,Podgorica,http://www.intersport.rs/,
ChIJW2PZ7caEXUcRTb4EDNggNQc,intersport,Intersport Pozega 1,Poûega,http://www.intersport.hr/,
ChIJ38mlsyNeNRMRReW9gtFkX18,intersport,Intersport Prima Split 2,Split,http://www.intersport.hr/,
ChIJ24JZfMjSfEcRn1whUTq42aA,intersport,Intersport Pula 1,Pula,http://www.intersport.hr/,
ChIJoRUg7bWmZEcRMWpb1i1UQAs,intersport,Intersport Rijeka 2,Rijeka,http://www.intersport.hr/,
ChIJl3jITajAfEcRKOil8bN56zM,intersport,Intersport Rovinj 1,Rovinj,http://www.intersport.hr/,
ChIJ07lejohlWkcR3VXTFW6YwqA,intersport,INTERSPORT S TRGOVINA,Beograd,http://www.intersport.rs/,
ChIJB2DHe1CWfEcRGxYaEJucR9c,intersport,Intersport Sport Hall,Pore?,https://www.facebook.com/pages/Intersport-Sport-Hall-Zelena-Laguna-Pore%C4%8D/477884458918173,
ChIJh9FMxp8-ZEcR9iMNKjYnyCY,intersport,Intersport Supernova Karlovac 2,Karlovac,http://www.intersport.hr/,
ChIJRWTSmu9wWkcRcNNWW6j0b9Q,intersport,Intersport TC Stadion,Beograd,,
ChIJs4D1VmQTThMR2Edvi-TqDkI,intersport,INTERSPORT Ulcinj,Ulcinj,http://www.intersport.me/,
ChIJV4jeKuKKXEcRqkGx3ZrxZlI,intersport,Intersport Vinkovci 1,Vinkovci,http://www.intersport.hr/,
ChIJ-U3oQx0oNRMRljYuGMwMM7I,intersport,Intersport Vodice,Vodice,http://www.intersport.hr/,
ChIJp2VAkoT6YUcRCbgq9YkfH9M,intersport,Intersport Zadar 1,Zadar,http://www.intersport.hr/,
ChIJOxI-D_86TBMRvD0Kw-R3LeI,intersport,INTERSPORT Zelenika,Herceg - Novi,http://www.intersport.me/,
ChIJVcREcKHIREcRvmaQu_o6kMg,jankovic,Jankovi?-Comp Ada,Ada,http://shop.jankovic-comp.rs/,
ChIJa2SW0h_GREcRSWqgg87Jz-o,jankovic,Jankovic Comp,Ada,http://www.jankovic-comp.rs/,
ChIJ-8UzzgcDXkcRlLjUfQcjbFQ,josobicikli,Joöo Bicikli,Banja Luka,,
ChIJayn39VsQW0cReIs0tjjxcWo,,KALE BIKE 3D,Novi Sad,,
ChIJyUj11d3WZUcRXY04C5dJJQI,,Keindl Sport,Zagreb,http://www.keindl-sport.hr/,
ChIJ9xkbHeAgV0cRpCsywob438M,,Kole,Kragujevac,,
ChIJ9arYj_ysaEcRRt4zW2CZNPc,,KOSPORT bike shop & servis,Strahoninec,http://kosport.com.hr/,
ChIJ26OdxFMzZ0cRwQFINbqgMUA,ldbikeprijedor,LD Bike,Prijedor,,
ChIJzW0tDTzTfEcRQVKwmDAC-Cg,,MALUPE,Pula,http://www.malupesport.hr/,
ChIJgeba3qrXZUcRiofpy_vsjvY,,MARKO - PROJECT Ltd.,Zagreb,https://markoprojekt.com/,
ChIJxTvV6nEQW0cR126DQ_h7DkI,,Markoni Sport,Novi Sad,http://www.markonisport.rs/,
ChIJ-UwlvHRDSxMREgCl3k5TFv0,mbikeshop,M-Bike Shop Mostar,Mostar,http://m-bikeshop.com/,
ChIJF2cMBCvKWEcRpE5QHmzIJqM,mbikeshop,M-Bike Shop Sarajevo,Sarajevo,http://www.m-bikeshop.com/,
ChIJMQ0zAxqtXkcRWiwnkjn5n3k,mbikeshop,M-Bike Shop Tuzla,Tuzla,http://www.m-bikeshop.com/,
ChIJ2Q_g3tsgV0cR3Ad0g2HsWs8,,Metal,Kragujevac,http://metal-kg.rs/,
ChIJYxomQS0uX0cRvnmvhSiT3kM,,Mocca Commerce,Visoko,http://moccacommerce.com/,
ChIJEwS69mZ6WkcRxK2BoEp2AbA,,Moj bicikl doo,Beograd,http://www.mojbicikl.rs/,
ChIJ4cipJZajZEcR5a1LBDPp8rQ,,Moris bicikli,Draûice,,
ChIJhbMQrpjPZUcRchyM-y0_dtA,,mountain bike shop,Zapreöi?,http://mtb-shop.hr/,
ChIJr47kMgl4ZkcRRSabhGerYKc,,Mr. Big Sport,Zagreb,http://www.skije-bicikli.com/,
ChIJUz6c5mnRZUcRCrmaTqN49Uo,,MSB service bicycles,Zagreb,http://www.msb.hr/,
ChIJj-fAQNRUb0cR8SPR7VQ8DpQ,,Panex Dinamic,Varaûdin,http://web.dinamic.hr/,
ChIJG3v_mxytaEcRbyo8VThCnsQ,,PANEX DINAMIC Ltd.,?akovec,http://www.dinamic.hr/,
ChIJJXrRJL2taEcRw1Cr3u0h0ck,,Panex dynamic,?akovec,http://web.dinamic.hr/,
ChIJo6wcOmd2WkcREBnFED7OTTo,,Paralex,Leötane,http://paralex.rs/,
ChIJWfzq3OZdNRMRipn61_SOxhY,,Peloton centar,Split,http://www.peloton.hr/,
ChIJc5yMDhTJWEcRO8CjqDs9sHY,planetbike,Planet Bike,Sarajevo,http://www.planetbike.ba/,
ChIJ6yPoeYpvWkcRkW8LhnUlT9E,planetbike,Planet Bike,Beograd,http://www.planetbike.rs/,
ChIJbdO0YHJlWkcRSM9zQMrkqrk,planetbike,Planet Bike,Belgrade,http://www.planetbike.rs/,
ChIJT1aS16F6WkcRrSQOpjY6RnE,,Pro Bike,Beograd,http://www.probike.rs/,
ChIJaf7M3PgRW0cRNKf4OT9bKgo,,PRO SPORT,Veternik,http://www.prosport.rs/,
ChIJTdp2vozhXkcRIysmmmQhUak,probikezenica,PRO-BIKE Zenica,Zenica,,
ChIJN81HE2T6YUcRcM_oWhQxQgY,,Prodaja i servis bicikla Zadar - Calimero Sport,Zadar,http://www.calimero-sport.hr/,Kragujevac
ChIJ8WDuN_gAV0cRoY2QSIOGTXg,,Promo Sport,Kraljevo,,
ChIJfa5wBxrnXEcRW_ozFZsqUGE,protea,Protea-Sport,Osijek,http://proteasport.com/,
ChIJ-71I5U3WZUcRrY7M5LBRfgQ,protea,Protea-Sport - Specialized concept store,Zagreb,http://www.proteajaska.com/,
ChIJW95viSihZEcRCLHv5a6lHG4,,RI bike shop&service,Rijeka,http://www.ri-bike.hr/,
ChIJt1kTXxQQW0cR9zotYcgjQ2c,,Ris Cycling,Novi Sad,http://www.ris-cycling.com/,
ChIJ50m17-_WZUcRVshhQ_qpHWI,rogjoma,Rog Joma,Zagreb,http://www.rog-joma.hr/,
ChIJr6WwFGX6YUcRlZx46qzq4lk,rogjoma,Rog Joma,Zadar,,
ChIJbyvPVPxdNRMR6D0FruK1plg,rogjoma,Rog Joma,Split,http://www.rog-joma.hr/,
ChIJl9Mlg8OqaEcRJywrXsaZOKc,rogjoma,Rog Joma,Varaûdin,https://www.rog-joma.hr/,
ChIJPXhP5deqaEcRJxjtWWF1iew,rogjoma,Rog Joma,Varaûdin,http://www.rog-joma.hr/,
ChIJ6zy-DN3qTRMRYXLLHTy10hI,,Rubicon,Podgorica,http://www.rubiconshop.me/,
ChIJ8ZNJpN4gV0cREuEPwmfWtdE,,SERVIS I PRODAJA BICIKLI ,BIKE MV SPORT,,
ChIJwRaaVQ4DXkcRRTa-oZfEaYs,sokovicsport,Sokovi? Sport,Banja Luka,https://www.sokovicsport.ba/,
ChIJWdWB9cTXZUcR41Ra0Ve4E1Q,,SPIN SPORT,Zagreb,http://www.spinsport.hr/,
ChIJ5-g5BYahZEcRiR3cXnb7KQw,,Sport Bike Bicikli ?avle Rijeka,?avle,http://www.sportbike.hr/,
ChIJ783Jd8VvWkcRf8LzO9VD-Ns,,Sportofis,Beograd,http://www.sportofis.com/,
ChIJW_ykvLWgaEcRGYwh5JmeM0k,,STIB d.d.d.,Ludbreg,,
ChIJm9MYm-xwWkcRCUufTRVdCYA,,Sunny Bike&Ski,Beograd,http://www.sunny.rs/,
ChIJhbHXsK7nXEcRHj1VojxPdJM,,Tom.Os,Osijek,http://www.tomos.hr/,
ChIJ7SOlxQyWYoYRLmsoFMhpc2Y,totalbike,Total Bike,Monterrey,https://www.facebook.com/abel.salinasrodriguez.9,
ChIJ0ZCKLgV_RgsRcX061t1RGA0,totalbike,TotalBike,Angra do Hero√≠smo,http://www.facebook.com/Total-Bike-439018582869230/,
ChIJu62wQs9mQ0cRZKl7heejlOQ,totalbike,TotalBike.rs,Subotica,http://www.totalbike.rs/,
ChIJPYkcg23JWEcRlf92JQqlY4U,trekbikebhpromo,Trek Bike Center,Sarajevo,http://www.bicikla.ba/,
ChIJtTX69xTJWEcRFEPQfJdvMcI,unis,UNIS,Sarajevo,http://www.bicycles.unis.ba/,
ChIJsRBOVSMQW0cRoJzBhq0lpx4,,Vector,Novi Sad,http://www.vector-bikes.com/,
ChIJ6ctov04QW0cRkyWzMVpUHao,,Vector,Novi Sad,http://www.vector-bikes.com/prodaja,
ChIJAQcRpZTWZUcR8STT9La3qMc,,Zelena vozila d.o.o.,Zagreb,http://www.zelenavozila.com/,
